{
  "swagger": "2.0",
  "info": {
    "version": "1.0.0",
    "title": "COVID-19 Monitor API"
  },
  "basePath": "/",
  "schemes": [
    "https",
    "http"
  ],
  "securityDefinitions": {
    "API-KEY": {
      "type": "apiKey",
      "name": "X-API-KEY",
      "in": "header"
    },
    "Authorization": {
      "type": "apiKey",
      "name": "Authorization",
      "in": "header",
      "description": "Standard user authorization header using the Bearer scheme. \n\nExample: \"Bearer {user-token}\""
    }
  },
  "security": [
    {
      "API-KEY": []
    }
  ],
  "paths": {
    "/phone/validate": {
      "post": {
        "tags": [
          "Covid-19 Monitor API"
        ],
        "summary": "Validate phone number",
        "operationId": "ValidatePhoneNumber",
        "produces": [
          "application/json"
        ],
        "consumes": [
          "application/json"
        ],
        "parameters": [
          {
            "name": "body",
            "in": "body",
            "schema": {
              "$ref": "#/definitions/ValidatePhoneRequest"
            }
          }
        ],
        "responses": {
          "200": {
            "description": "Success",
            "schema": {
              "$ref": "#/definitions/ValidatePhoneResponse"
            }
          },
          "400": {
            "description": "Bad Request",
            "schema": {
              "$ref": "#/definitions/BadRequestResponse"
            }
          },
          "401": {
            "description": "Unauthorized",
            "schema": {
              "$ref": "#/definitions/UnauthorizedResponse"
            }
          },
          "409": {
            "description": "Conflict",
            "schema": {
              "$ref": "#/definitions/ConflictResponse"
            }
          },
          "500": {
            "description": "Internal Server Error",
            "schema": {
              "$ref": "#/definitions/InternalServerErrorResponse"
            }
          }
        }
      }
    },
    "/phone/check": {
      "post": {
        "tags": [
          "Covid-19 Monitor API"
        ],
        "summary": "Check phone number code",
        "operationId": "CheckPhoneNumber",
        "produces": [
          "application/json"
        ],
        "consumes": [
          "application/json"
        ],
        "parameters": [
          {
            "name": "body",
            "in": "body",
            "schema": {
              "$ref": "#/definitions/CheckPhoneRequest"
            }
          }
        ],
        "responses": {
          "200": {
            "description": "Success",
            "schema": {
              "$ref": "#/definitions/CheckPhoneResponse"
            }
          },
          "400": {
            "description": "Bad Request",
            "schema": {
              "$ref": "#/definitions/BadRequestResponse"
            }
          },
          "401": {
            "description": "Unauthorized",
            "schema": {
              "$ref": "#/definitions/UnauthorizedResponse"
            }
          },
          "500": {
            "description": "Internal Server Error",
            "schema": {
              "$ref": "#/definitions/InternalServerErrorResponse"
            }
          }
        }
      }
    },
    "/declaration": {
      "post": {
        "security": [
          {
            "API-KEY": [],
            "Authorization": []
          }
        ],
        "tags": [
          "Covid-19 Monitor API"
        ],
        "summary": "Create declaration",
        "operationId": "CreateDeclaration",
        "produces": [
          "application/json"
        ],
        "consumes": [
          "application/json"
        ],
        "parameters": [
          {
            "name": "body",
            "in": "body",
            "schema": {
              "$ref": "#/definitions/CreateDeclarationRequest"
            }
          }
        ],
        "responses": {
          "200": {
            "description": "Success",
            "schema": {
              "$ref": "#/definitions/CreateDeclarationResponse"
            }
          },
          "400": {
            "description": "Bad Request",
            "schema": {
              "$ref": "#/definitions/BadRequestResponse"
            }
          },
          "401": {
            "description": "Unauthorized",
            "schema": {
              "$ref": "#/definitions/UnauthorizedResponse"
            }
          },
          "500": {
            "description": "Internal Server Error",
            "schema": {
              "$ref": "#/definitions/InternalServerErrorResponse"
            }
          }
        }
      }
    }
  },
  "definitions": {
    "ValidatePhoneRequest": {
      "type": "object",
      "properties": {
        "phone": {
          "type": "string",
          "example": "722334455",
          "required": true
        },
        "phone_country_prefix": {
          "type": "string",
          "example": "40",
          "required": true
        },
        "phone_identifier": {
          "type": "string",
          "example": "ae30c823-a6ef-4606-a60d-bf9513a4305a",
          "required": false
        }
      }
    },
    "ValidatePhoneResponse": {
      "type": "object",
      "properties": {
        "status": {
          "type": "string",
          "example": "success"
        },
        "message": {
          "type": "string",
          "example": "SMS sent to phone"
        }
      }
    },
    "CheckPhoneRequest": {
      "type": "object",
      "properties": {
        "phone_identifier": {
          "type": "string",
          "example": "ae30c823-a6ef-4606-a60d-bf9513a4305a",
          "required": false
        },
        "phone_validation_code": {
          "type": "integer",
          "example": 123456,
          "required": true
        }
      }
    },
    "CheckPhoneResponse": {
      "type": "object",
      "properties": {
        "status": {
          "type": "string",
          "example": "success"
        },
        "message": {
          "type": "string",
          "example": "Phone validated"
        },
        "token": {
          "type": "string",
          "example": "3415d1e8ee3b65e1641326512eef739a"
        }
      }
    },
    "CreateDeclarationRequest": {
      "type": "object",
      "properties": {
        "name": {
          "type": "string",
          "example": "Last Name",
          "required": true
        },
        "surname": {
          "type": "surstring",
          "example": "First Name",
          "required": true
        },
        "email": {
          "type": "email",
          "example": "name.surname@gmail.com",
          "required": false
        },
        "cnp": {
          "type": "string",
          "example": "2870401102315",
          "required": true
        },
        "document_type": {
          "type": "string",
          "example": "identity_card",
          "enum": [
            "identity_card",
            "passport"
          ],
          "required": true
        },
        "document_series": {
          "type": "string",
          "example": "AA",
          "required": true
        },
        "document_number": {
          "type": "string",
          "example": "0123456789",
          "required": true
        },
        "travelling_from_country_code": {
          "type": "string",
          "example": "IT",
          "required": true
        },
        "travelling_from_city": {
          "type": "string",
          "example": "Rome",
          "required": true
        },
        "travelling_from_date": {
          "type": "string",
          "example": "2020-03-23",
          "required": true
        },
        "isolation_addresses": {
          "type": "array",
          "description": "List of Isolation Addresses",
          "minItems": 1,
          "required": true,
          "items": {
            "$ref": "#/definitions/IsolationAddress"
          }
        },
        "question_1_answer": {
          "type": "string",
          "example": "First question answer",
          "required": true
        },
        "question_2_answer": {
          "type": "string",
          "example": "Second question answer",
          "required": true
        },
        "question_3_answer": {
          "type": "string",
          "example": "Third question answer",
          "required": true
        },
        "symptom_fever": {
          "type": "boolean",
          "example": false,
          "required": true
        },
        "symptom_swallow": {
          "type": "boolean",
          "example": false,
          "required": true
        },
        "symptom_breathing": {
          "type": "boolean",
          "example": false,
          "required": true
        },
        "symptom_cough": {
          "type": "boolean",
          "example": false,
          "required": true
        },
        "itinerary_countries": {
          "type": "array",
          "description": "List of ISO2 country code",
          "minItems": 1,
          "required": true,
          "items": {
            "type": "string"
          },
          "example": [
            "IT",
            "FR",
            "HU"
          ]
        },
        "vehicle_type": {
          "type": "string",
          "example": "auto",
          "enum": [
            "auto",
            "ambulance"
          ],
          "required": true
        },
        "vehicle_registration_no": {
          "type": "string",
          "example": "IF-51-MED",
          "required": true
        }
      }
    },
    "CreateDeclarationResponse": {
      "type": "object",
      "properties": {
        "status": {
          "type": "string",
          "example": "success"
        },
        "message": {
          "type": "string",
          "example": "Declaration created"
        },
        "declaration_code": {
          "type": "string",
          "example": "T91KE1"
        }
      }
    },
    "IsolationAddress": {
      "type": "object",
      "properties": {
        "city": {
          "type": "string",
          "example": "Craiova",
          "required": true
        },
        "county": {
          "type": "string",
          "example": "Olt",
          "required": true
        },
        "city_full_address": {
          "type": "string",
          "example": "Full city address",
          "required": true
        },
        "city_arrival_date": {
          "type": "string",
          "example": "2020-03-20",
          "required": true
        },
        "city_departure_date": {
          "type": "string",
          "example": "2020-03-23",
          "required": false
        }
      }
    },
    "BadRequestResponse": {
      "type": "object",
      "properties": {
        "status": {
          "type": "string",
          "example": "error"
        },
        "message": {
          "type": "string",
          "example": "Missing required parameter: name"
        }
      }
    },
    "UnauthorizedResponse": {
      "type": "object",
      "properties": {
        "status": {
          "type": "string",
          "example": "error"
        },
        "message": {
          "type": "string",
          "example": "Unauthorized"
        }
      }
    },
    "ConflictResponse": {
      "type": "object",
      "properties": {
        "status": {
          "type": "string",
          "example": "error"
        },
        "message": {
          "type": "string",
          "example": "Failed to send SMS to phone"
        },
        "details": {
          "type": "string",
          "example": "Gateway error details"
        }
      }
    },
    "InternalServerErrorResponse": {
      "type": "object",
      "properties": {
        "status": {
          "type": "string",
          "example": "error"
        },
        "message": {
          "type": "string",
          "example": "An unexpected condition was encountered"
        }
      }
    }
  }
}